Workbook

Sheet Lisez-moi
B2: CLASSEUR DE CALCUL — Coûts par type d'item (données Import-data-juin-26)
B3: De la donnée source (Équipements / Tickets / Coûts) jusqu'au tableau ItemsCostList.
B5: COULEURS : JAUNE = à saisir (source) BLEU = calculé par formule ORANGE = totaux
B7: ONGLETS :
B8: 1. Equipements — Feuille 1 : le parc (Name, Item_Type…). Colonne "tracked" calculée.
B9: 2. Tickets — Feuille 2 : tickets + liste des items rattachés (colonne Items).
B10: 3. Couts_GLPI — Feuille 3 : lignes de coût par ticket. Coût horaire calculé.
B11: 4. Items_lies — DÉRIVÉ : chaque item d'un ticket sur une ligne, avec sa part de coût GLPI.
B12: 5. Mouvements — import_mvt.csv : open / close / cancel (réouvertures & supercosts).
B13: 6. SuperCost — close : valeur répartie entre items tracked du ticket.
B14: 7. ReopenCost — open : pourcentage d'une base SuperCost (modes 1-4).
B15: 8. RESULTAT — tableau final agrégé par itemtype.
... B28: NB 3 : Les items tracked = Computer / Phone / Monitor uniquement.

Sheet Equipements
A1: Feuille 1 — Parc d'équipements (source)
A3: Name | B3: Status | C3: Location | D3: Manufacturer | E3: Item_Type | F3: Model | G3: Inventory_Number | H3: User | I3: tracked
A4: PC-ADM-001 | B4: En production | C4: Administration | D4: Dell | E4: Computer | F4: OptiPlex 7010 | G4: ITU-2026-0001 | H4: Rakoto Jean | I4: =IF(OR(E4="Computer",E4="Phone",E4="Monitor"),1,0)
A5: PC-ADM-002 | B5: En production | C5: Administration | D5: HP | E5: Computer | F5: ProDesk 400 G9 | G5: ITU-2026-0002 | H5: Rasoanaivo Marie | I5: =IF(OR(E5="Computer",E5="Phone",E5="Monitor"),1,0)
A6: PC-COMPTA-001 | B6: En production | C6: Comptabilité | D6: Lenovo | E6: Computer | F6: ThinkCentre M70 | G6: ITU-2026-0003 | H6: Rakotondranaivo Paul | I6: =IF(OR(E6="Computer",E6="Phone",E6="Monitor"),1,0)
A7: PC-COMPTA-002 | B7: Maintenance | C7: Comptabilité | D7: Dell | E7: Computer | F7: OptiPlex 7020 | G7: ITU-2026-0004 | H7: Rabe Hanitra | I7: =IF(OR(E7="Computer",E7="Phone",E7="Monitor"),1,0)
A8: PC-LAB-001 | B8: En production | C8: Laboratoire IA | D8: HP | E8: Computer | F8: EliteDesk 800 G8 | G8: ITU-2026-0005 | H8: ITU Labs | I8: =IF(OR(E8="Computer",E8="Phone",E8="Monitor"),1,0)
A9: PC-LAB-002 | B9: En production | C9: Laboratoire IA | D9: Lenovo | E9: Computer | F9: ThinkCentre M75 | G9: ITU-2026-0006 | H9: ITU Labs | I9: =IF(OR(E9="Computer",E9="Phone",E9="Monitor"),1,0)
A10: PC-LAB-003 | B10: En production | C10: Laboratoire IA | D10: Dell | E10: Computer | F10: OptiPlex 7090 | G10: ITU-2026-0007 | H10: ITU Labs | I10: =IF(OR(E10="Computer",E10="Phone",E10="Monitor"),1,0)
A11: PC-BIB-001 | B11: En production | C11: Bibliothèque | D11: HP | E11: Computer | F11: ProDesk 600 G6 | G11: ITU-2026-0008 | H11: Bibliothèque | I11: =IF(OR(E11="Computer",E11="Phone",E11="Monitor"),1,0)
A12: PC-FORM-001 | B12: En stock | C12: Magasin Informatique | D12: Lenovo | E12: Computer | F12: ThinkCentre Neo 50 | G12: ITU-2026-0009 | I12: =IF(OR(E12="Computer",E12="Phone",E12="Monitor"),1,0)
A13: MN-FORM-002 | B13: En panne | C13: Salle 301 | D13: Dell | E13: Monitor | F13: AC1000 | G13: ITU-2026-0010 | H13: Rakoto Michel | I13: =IF(OR(E13="Computer",E13="Phone",E13="Monitor"),1,0)

Sheet Tickets
A1: Feuille 2 — Tickets (source). Colonne Items = équipements rattachés (JSON).
A3: Ref_Ticket | B3: Date | C3: Heure | D3: Type | E3: Titre | F3: Description | G3: Status | H3: Priority | I3: Items | J3: nb items
A4: 1 | B4: 03/06/2026 | C4: 13:45 | D4: Incident | E4: kkk | F4: hafahafa be | G4: New | H4: Medium | I4: ["PC-ADM-001"] | J4: =COUNTIF(Items_lies!$A:$A,A4)
A5: 2 | B5: 04/06/2026 | C5: 13:45 | D5: Incident | E5: Michauffe | F5: mamay be | G5: New | H5: Medium | I5: ["PC-ADM-001","MN-FORM-002"] | J5: =COUNTIF(Items_lies!$A:$A,A5)

Sheet Couts_GLPI
A1: Feuille 3 — Lignes de coût GLPI par ticket. Coût horaire = Time_Cost × Duration / 3600.
A3: Num_Ticket | B3: Duration_second | C3: Time_Cost (€/h) | D3: Fixed_Cost (€) | E3: coût horaire (€)
A4: 1 | B4: 0 | C4: 0 | D4: 109 | E4: =C4*B4/3600
A5: 1 | B5: 600 | C5: 8.7 | D5: 50 | E5: =C5*B5/3600
A7: Récap par ticket :
A8: ticket | B8: Σ fixe (€) | C8: Σ horaire (€) | D8: Σ GLPI (€)
A9: 1 | B9: =SUMIF($A$4:$A$5,A9,$D$4:$D$5) | C9: =SUMIF($A$4:$A$5,A9,$E$4:$E$5) | D9: =B9+C9
A10: 2 | B10: =SUMIF($A$4:$A$5,A10,$D$4:$D$5) | C10: =SUMIF($A$4:$A$5,A10,$E$4:$E$5) | D10: =B10+C10

Sheet Items_lies
A1: Items rattachés (dérivé des Tickets) — un item par ligne, avec sa part de coût GLPI
A3: ticket | B3: item (Name) | C3: itemtype | D3: tracked | E3: nb items ticket | F3: part coût fixe | G3: part coût horaire
A4: 1 | B4: PC-ADM-001 | C4: =IFERROR(VLOOKUP(B4,Equipements!$A$4:$E$13,5,FALSE),"?") | D4: =IF(OR(C4="Computer",C4="Phone",C4="Monitor"),1,0) | E4: =COUNTIF($A$4:$A$6,A4) | F4: =IFERROR(SUMIF(Couts_GLPI!$A$4:$A$5,A4,Couts_GLPI!$D$4:$D$5)/E4,0) | G4: =IFERROR(SUMIF(Couts_GLPI!$A$4:$A$5,A4,Couts_GLPI!$E$4:$E$5)/E4,0)
A5: 2 | B5: PC-ADM-001 | C5: =IFERROR(VLOOKUP(B5,Equipements!$A$4:$E$13,5,FALSE),"?") | D5: =IF(OR(C5="Computer",C5="Phone",C5="Monitor"),1,0) | E5: =COUNTIF($A$4:$A$6,A5) | F5: =IFERROR(SUMIF(Couts_GLPI!$A$4:$A$5,A5,Couts_GLPI!$D$4:$D$5)/E5,0) | G5: =IFERROR(SUMIF(Couts_GLPI!$A$4:$A$5,A5,Couts_GLPI!$E$4:$E$5)/E5,0)
A6: 2 | B6: MN-FORM-002 | C6: =IFERROR(VLOOKUP(B6,Equipements!$A$4:$E$13,5,FALSE),"?") | D6: =IF(OR(C6="Computer",C6="Phone",C6="Monitor"),1,0) | E6: =COUNTIF($A$4:$A$6,A6) | F6: =IFERROR(SUMIF(Couts_GLPI!$A$4:$A$5,A6,Couts_GLPI!$D$4:$D$5)/E6,0) | G6: =IFERROR(SUMIF(Couts_GLPI!$A$4:$A$5,A6,Couts_GLPI!$E$4:$E$5)/E6,0)

Sheet Mouvements
A1: import_mvt.csv — mouvements (open=réouverture %, close=supercost, cancel=annule batch)
A3: ordre | B3: ticket | C3: mvt | D3: valeur | E3: mode | F3: mode (libellé)
A4: 1 | B4: 1 | C4: open | D4: 50 | E4: 1 | F4: =IF(C4<>"open","",IFERROR(CHOOSE(E4,"1 dernier","2 premier","3 moyenne","4 somme"),"1 dernier"))
A5: 2 | B5: 2 | C5: open | D5: 5 | E5: 3 | F5: =IF(C5<>"open","",IFERROR(CHOOSE(E5,"1 dernier","2 premier","3 moyenne","4 somme"),"1 dernier"))
A6: 3 | B6: 2 | C6: close | D6: 20 | F6: =IF(C6<>"open","",IFERROR(CHOOSE(E6,"1 dernier","2 premier","3 moyenne","4 somme"),"1 dernier"))
A7: 4 | B7: 2 | C7: cancel | F7: =IF(C7<>"open","",IFERROR(CHOOSE(E7,"1 dernier","2 premier","3 moyenne","4 somme"),"1 dernier"))

Sheet SuperCost
A1: SuperCost — la valeur du "close" est répartie entre les items tracked du ticket
A3: ticket | B3: batch | C3: itemtype | D3: item (Name) | E3: nb tracked | F3: actif | G3: amount (€)
A4: 2 | B4: 1 | C4: Computer | D4: PC-ADM-001 | E4: =SUMIFS(Items_lies!$D$4:$D$6,Items_lies!$A$4:$A$6,A4) | F4: 0 | G4: =IFERROR(Mouvements!$D$6/E4*F4,0)
A5: 2 | B5: 1 | C5: Monitor | D5: MN-FORM-002 | E5: =SUMIFS(Items_lies!$D$4:$D$6,Items_lies!$A$4:$A$6,A5) | F5: 0 | G5: =IFERROR(Mouvements!$D$6/E5*F5,0)
F6: TOTAL | G6: =SUM(G4:G5)
A8: actif=0 car le ticket 2 fait "cancel" après le "close" → le batch est annulé. Mettez actif=1 pour simuler sans annulation.

Sheet ReopenCost
A1: ReopenCost — un "open" applique percent% à une base SuperCost (selon le mode)
A3: ticket | B3: itemtype | C3: item (Name) | D3: percent (%) | E3: mode | F3: base SuperCost (€) | G3: amount (€) | H3: mode (libellé)
A4: 1 | B4: Computer | C4: PC-ADM-001 | D4: =Mouvements!$D$4 | E4: =IF(Mouvements!$E$4="",1,Mouvements!$E$4) | F4: =IFERROR(CHOOSE(E4,SUMIFS(SuperCost!$G$4:$G$5,SuperCost!$A$4:$A$5,A4,SuperCost!$C$4:$C$5,B4,SuperCost!$B$4:$B$5,MAXIFS(SuperCost!$B$4:$B$5,SuperCost!$A$4:$A$5,A4,SuperCost!$C$4:$C$5,B4)),SUMIFS(SuperCost!$G$4:$G$5,SuperCost!$A$4:$A$5,A4,SuperCost!$C$4:$C$5,B4,SuperCost!$B$4:$B$5,MINIFS(SuperCost!$B$4:$B$5,SuperCost!$A$4:$A$5,A4,SuperCost!$C$4:$C$5,B4)),SUMIFS(SuperCost!$G$4:$G$5,SuperCost!$A$4:$A$5,A4,SuperCost!$C$4:$C$5,B4)/COUNTIFS(SuperCost!$A$4:$A$5,A4,SuperCost!$C$4:$C$5,B4),SUMIFS(SuperCost!$G$4:$G$5,SuperCost!$A$4:$A$5,A4,SuperCost!$C$4:$C$5,B4)),0) | G4: =F4*D4/100 | H4: =IFERROR(CHOOSE(E4,"1 dernier","2 premier","3 moyenne","4 somme"),"1 dernier")
A5: 2 | B5: Computer | C5: PC-ADM-001 | D5: =Mouvements!$D$5 | E5: =IF(Mouvements!$E$5="",1,Mouvements!$E$5) | F5: =IFERROR(CHOOSE(E5,SUMIFS(SuperCost!$G$4:$G$5,SuperCost!$A$4:$A$5,A5,SuperCost!$C$4:$C$5,B5,SuperCost!$B$4:$B$5,MAXIFS(SuperCost!$B$4:$B$5,SuperCost!$A$4:$A$5,A5,SuperCost!$C$4:$C$5,B5)),SUMIFS(SuperCost!$G$4:$G$5,SuperCost!$A$4:$A$5,A5,SuperCost!$C$4:$C$5,B5,SuperCost!$B$4:$B$5,MINIFS(SuperCost!$B$4:$B$5,SuperCost!$A$4:$A$5,A5,SuperCost!$C$4:$C$5,B5)),SUMIFS(SuperCost!$G$4:$G$5,SuperCost!$A$4:$A$5,A5,SuperCost!$C$4:$C$5,B5)/COUNTIFS(SuperCost!$A$4:$A$5,A5,SuperCost!$C$4:$C$5,B5),SUMIFS(SuperCost!$G$4:$G$5,SuperCost!$A$4:$A$5,A5,SuperCost!$C$4:$C$5,B5)),0) | G5: =F5*D5/100 | H5: =IFERROR(CHOOSE(E5,"1 dernier","2 premier","3 moyenne","4 somme"),"1 dernier")
A6: 2 | B6: Monitor | C6: MN-FORM-002 | D6: =Mouvements!$D$5 | E6: =IF(Mouvements!$E$5="",1,Mouvements!$E$5) | F6: =IFERROR(CHOOSE(E6,SUMIFS(SuperCost!$G$4:$G$5,SuperCost!$A$4:$A$5,A6,SuperCost!$C$4:$C$5,B6,SuperCost!$B$4:$B$5,MAXIFS(SuperCost!$B$4:$B$5,SuperCost!$A$4:$A$5,A6,SuperCost!$C$4:$C$5,B6)),SUMIFS(SuperCost!$G$4:$G$5,SuperCost!$A$4:$A$5,A6,SuperCost!$C$4:$C$5,B6,SuperCost!$B$4:$B$5,MINIFS(SuperCost!$B$4:$B$5,SuperCost!$A$4:$A$5,A6,SuperCost!$C$4:$C$5,B6)),SUMIFS(SuperCost!$G$4:$G$5,SuperCost!$A$4:$A$5,A6,SuperCost!$C$4:$C$5,B6)/COUNTIFS(SuperCost!$A$4:$A$5,A6,SuperCost!$C$4:$C$5,B6),SUMIFS(SuperCost!$G$4:$G$5,SuperCost!$A$4:$A$5,A6,SuperCost!$C$4:$C$5,B6)),0) | G6: =F6*D6/100 | H6: =IFERROR(CHOOSE(E6,"1 dernier","2 premier","3 moyenne","4 somme"),"1 dernier")
F7: TOTAL | G7: =SUM(G4:G6)
A9: Base = 0 ici car les supercosts sont annulés (cancel). Le backend utilise toujours le dernier batch (mode 1).

Sheet RESULTAT
A1: RESULTAT — Coûts par type d'item (écran ItemsCostList)
A3: Type item | B3: Coût fixe | C3: Coût horaire | D3: Coût GLPI | E3: Super Cost | F3: Frais réouverture | G3: TOTAL
A4: Computer | B4: =SUMIF(Items_lies!$C$4:$C$6,A4,Items_lies!$F$4:$F$6) | C4: =SUMIF(Items_lies!$C$4:$C$6,A4,Items_lies!$G$4:$G$6) | D4: =B4+C4 | E4: =SUMIF(SuperCost!$C$4:$C$5,A4,SuperCost!$G$4:$G$5) | F4: =SUMIF(ReopenCost!$B$4:$B$6,A4,ReopenCost!$G$4:$G$6) | G4: =B4+C4+E4+F4
A5: Monitor | B5: =SUMIF(Items_lies!$C$4:$C$6,A5,Items_lies!$F$4:$F$6) | C5: =SUMIF(Items_lies!$C$4:$C$6,A5,Items_lies!$G$4:$G$6) | D5: =B5+C5 | E5: =SUMIF(SuperCost!$C$4:$C$5,A5,SuperCost!$G$4:$G$5) | F5: =SUMIF(ReopenCost!$B$4:$B$6,A5,ReopenCost!$G$4:$G$6) | G5: =B5+C5+E5+F5
A6: TOTAL GÉNÉRAL | B6: =SUM(B4:B5) | C6: =SUM(C4:C5) | D6: =SUM(D4:D5) | E6: =SUM(E4:E5) | F6: =SUM(F4:F5) | G6: =SUM(G4:G5)
A8: Total = Coût fixe + Coût horaire + Super Cost + Frais réouverture. Coût GLPI = fixe + horaire.
